id,name,descripcion,supplier,price,enlace
1,Tratamiento Para Gasolina,NULL,Quaker,38.89,NULL
2,Limpiador de Inyectores,NULL,Quaker,53.66,NULL
3,Incrementador de Octanaje,NULL,Quaker,61.39,NULL
4,Direccion Hidraulica,NULL,Quaker,31.77,NULL
5,Power Rider 2T J-FB,NULL,Quaker,44.42,NULL
6,Liquido de Frenos,NULL,Quaker,40.24,NULL
7,Liquido de Frenos,NULL,Quaker,117.09,NULL
8,Liquido Limpiaparabrisas Concentrado,NULL,Quaker,36.33,NULL
9,FULL PRO ARRANCADOR ,NULL,Quaker,69.12,NULL
10,FULL PRO LIMPIA PARABRISAS 946ML,NULL,Quaker,44.09,NULL
11,Anticongelante concentracion Ideal,NULL,Quaker,32.19,NULL
12,Anticongelante concentracion Ideal,NULL,Quaker,98.97,NULL
13,Anticongelante concentracion Optima,NULL,Quaker,57.63,NULL
14,Anticongelante concentracion Optima,NULL,Quaker,205.53,NULL
15,HD 40,NULL,Quaker,83.19,NULL
16,HD 50,NULL,Quaker,83.19,NULL
17,HD 60,NULL,Quaker,83.19,NULL
18,QS. ALTO KILOMETRAJE SAE 25W-50,NULL,Quaker,95.86,NULL
19,QS. ALTO KILOMETRAJE SAE 20W-60,NULL,Quaker,95.86,NULL
20,QS. ALTO KILOMETRAJE SAE 20W-50,NULL,Quaker,96.32,NULL
21,XTR PRO SAE 5W20,NULL,Quaker,117.24,NULL
22,XTR PRO SAE 5W30,NULL,Quaker,117.24,NULL
23,XTR PRO SAE 10W30,NULL,Quaker,117.24,NULL
24,XTR PRO SAE 15W40,NULL,Quaker,117.24,NULL
25,XTR PRO SAE 20W50,NULL,Quaker,117.24,NULL
26,QS POWER RIDER 2T J-FB,NULL,Quaker,126.59,NULL
27,Power Rider 4T,NULL,Quaker,121.78,NULL
28,HD 40,NULL,Quaker,412.68,NULL
29,HD 50,NULL,Quaker,412.68,NULL
30,HD 60,NULL,Quaker,412.68,NULL
31,QS. ALTO KILOMETRAJE SAE 25W-50,NULL,Quaker,475.9,NULL
32,QS. ALTO KILOMETRAJE SAE 20W-60,NULL,Quaker,475.9,NULL
33,QS. ALTO KILOMETRAJE SAE 20W-50,NULL,Quaker,575.37,NULL
34,XTR PRO SAE 5W20,NULL,Quaker,570.71,NULL
35,XTR PRO SAE 10W30,NULL,Quaker,570.82,NULL
36,XTR PRO SAE 15W40,NULL,Quaker,627.93,NULL
37,XTR PRO SAE 20W50,NULL,Quaker,627.93,NULL
38,AK PRO 10W30 ,NULL,Quaker,104.15,NULL
39,AK PRO 10W30 ,NULL,Quaker,498,NULL
40,AK PRO 15W40 ,NULL,Quaker,104.15,NULL
41,AK PRO 15W40 ,NULL,Quaker,498,NULL
42,QS Series III Sae 40,NULL,Quaker,70.57,NULL
43,QS Series III Sae 40,NULL,Quaker,352.95,NULL
44,QS Series III Sae 50 CF,NULL,Quaker,70.57,NULL
45,QS Series III Sae 50 CF,NULL,Quaker,352.95,NULL
46,Maxima Viscocidad 25W50 CF-4,NULL,Quaker,95.74,NULL
47,Maxima Viscocidad 25W50 CF-4,NULL,Quaker,474.63,NULL
48,QS POWER BOAT 2T TC-W3,NULL,Quaker,180.72,NULL
49,QS POWER BOAT-4T 10W40,NULL,Quaker,141.4,NULL
50,QS Quadromatic,NULL,Quaker,81.25,NULL
51,QS Quadromatic,NULL,Quaker,390.73,NULL
52,Dexron III,NULL,Quaker,81.25,NULL
53,Dexron III,NULL,Quaker,390.76,NULL
54,ATF ALTO KILOMETRAJE Tipo D-II,NULL,Quaker,81.25,NULL
55,ATF ALTO KILOMETRAJE Tipo D-II,NULL,Quaker,390.76,NULL
56,GREEN OIL TRANSPOWER SAE 90,NULL,Quaker,81.25,NULL
57,GREEN OIL TRANSPOWER SAE 90,NULL,Quaker,390.76,NULL
58,GREEN OIL 140 ,NULL,Quaker,81.25,NULL
59,GREEN OIL 140 ,NULL,Quaker,390.76,NULL
60,GREEN OIL 250,NULL,Quaker,95.31,NULL
61,GREEN OIL 250,NULL,Quaker,455.48,NULL
62,SUPER QUADROLUBE 85W140,NULL,Quaker,97.35,NULL
63,SUPER QUADROLUBE 80W90 ,NULL,Quaker,97.35,NULL
64,FILTRO P/ACEITE QS 173,NULL,Quaker,76.53,NULL
65,FILTRO P/ACEITE QS 5,NULL,Quaker,76.53,NULL
66,FILTRO P/ACEITE QS 8-A,NULL,Quaker,76.53,NULL
67,FILTRO P/ACEITE QS 2825,NULL,Quaker,87.6,NULL
68,FILTRO P/ACEITE QS 2870-A,NULL,Quaker,78.73,NULL
69,FILTRO P/ACEITE QS 3387-A,NULL,Quaker,74.32,NULL
70,FILTRO P/ACEITE QS 3600,NULL,Quaker,74.32,NULL
71,FILTRO P/ACEITE QS 3614,NULL,Quaker,74.32,NULL
72,FILTRO P/ACEITE QS 3682,NULL,Quaker,80.95,NULL
73,FILTRO P/ACEITE QS 3980,NULL,Quaker,74.32,NULL
74,FILTRO P/ACEITE QS 14612,NULL,Quaker,74.32,NULL
75,RACING OIL 20W50,NULL,Quaker,552.64,NULL
76,RACING OIL 20W50,NULL,Quaker,114.95,NULL
77,RACING TECH SAE 20W50,NULL,Quaker,17215.7,NULL
78,QS. ALTO KILOMETRAJE SAE 25W-50,NULL,Quaker,2007.36,NULL
79,QS. ALTO KILOMETRAJE SAE 25W-50,NULL,Quaker,16370.9,NULL
80,AK AUTOS 20W50 ,NULL,Quaker,394.25,NULL
81,AK AUTOS 20W50 ,NULL,Quaker,79.79,NULL
82,AK AUTOS 20W50  ,NULL,Quaker,16441.8,NULL
83,XTR PRO SAE 15W40,NULL,Quaker,21324.4,NULL
84,QS XTR PRO SAE 20W50,NULL,Quaker,21324.4,NULL
85,ULTRA HEAVY DUTY 15W-40 ,NULL,Quaker,479.87,NULL
86,ULTRA HEAVY DUTY 15W-40 ,NULL,Quaker,96.73,NULL
87,ULTRA HD 15W40,NULL,Quaker,15610.7,NULL
88,ULTIMATE DURAB 100% SIN 5W30 Caja5Bot 946 ml,NULL,Quaker,0,NULL
89,SERIES III  SAE 40 CF*,NULL,Quaker,1215.13,NULL
90,SERIES III  SAE 50 CF*,NULL,Quaker,1215.13,NULL
91,QS SERIES III 15W40 CF,NULL,Quaker,1331.76,NULL
93,QS SERIES III 15W40 CF,NULL,Quaker,15817.8,NULL
94,SUPER SERIES III PLUS SAE 15W40 API CI-4,NULL,Quaker,1671.67,NULL
95,SUPER SERIES III PLUS SAE 15W40 API CI-4,NULL,Quaker,18673.1,NULL
96,DuraTrack SAE 15W40 API CK4,NULL,Quaker,1548.62,NULL
97,MAXIMA VISCOSIDAD 15W40 API CF-4,NULL,Quaker,1458.15,NULL
98,MAXIMA VISCOSIDAD 25W50 API CF-4,NULL,Quaker,1442.66,NULL
99,MAXIMA VISCOSIDAD 25W50 API CF-4,NULL,Quaker,15817.8,NULL
100,TRANSMISION AUTOMATICA TIPO D-III,NULL,Quaker,1586.74,NULL
101,TRANSMISION AUTOMATICA TIPO D-III,NULL,Quaker,15895.3,NULL
102,QS MULTI VEHICULO MERCON V,NULL,Quaker,161.16,NULL
103,SUPER QUADROLUBE 85W140,NULL,Quaker,2019.77,NULL
104,SUPER QUADROLUBE 80W90 ,NULL,Quaker,1983.1,NULL
105,GREEN OIL TRANSPOWER SAE 90,NULL,Quaker,1290.25,NULL
107,GREEN OIL TRANSPOWER SAE 90,NULL,Quaker,15895.3,NULL
108,GREEN OIL 140 ,NULL,Quaker,390.76,NULL
109,GREEN OIL 140 ,NULL,Quaker,1290.25,NULL
110,GREEN OIL 140 ,NULL,Quaker,15895.3,NULL
111,GREEN OIL 250 ,NULL,Quaker,1803.27,NULL
112,QS. HIDRAULICO SAE 68  ,NULL,Quaker,1019.54,NULL
113,QS. HIDRAULICO SAE 68  ,NULL,Quaker,11492.7,NULL
114,H-300 AW 68*,NULL,Quaker,391.54,NULL
115,H-300 AW 68*,NULL,Quaker,1097.96,NULL
116,H-300 AW 68*,NULL,Quaker,11738.8,NULL
117,GRASA GOLDEN CHASSIS,NULL,Quaker,377.4,NULL
118,GRASA CHASSIS AZUL,NULL,Quaker,1453.07,NULL
119,GRASA MULTIPURPOSE COMP. EP 2 / BALEROS Y RODAMIENTOS,NULL,Quaker,543.15,NULL
120,Full Synthetic PRO 0W-20,NULL,Quaker,211.61,NULL
121,Full Synthetic PRO 0W-20,NULL,Quaker,1163.96,NULL
122,Full Synthetic PRO 0W-20,NULL,Quaker,1070.41,NULL
123,Full Synthetic PRO 5W-20,NULL,Quaker,211.61,NULL
124,Full Synthetic PRO 5W-20,NULL,Quaker,1163.96,NULL
125,Full Synthetic PRO 5W-20,NULL,Quaker,1070.41,NULL
126,Full Synthetic PRO 5W-30,NULL,Quaker,211.61,NULL
127,Full Synthetic PRO 5W-30,NULL,Quaker,1163.96,NULL
128,Full Synthetic PRO 5W-30,NULL,Quaker,1070.41,NULL
129,Full Synthetic PRO 5W-50,NULL,Quaker,211.61,NULL
130,Full Synthetic PRO 5W-50,NULL,Quaker,1163.96,NULL
131,Full Synthetic PRO 5W-50,NULL,Quaker,1070.41,NULL
132,Bardahl 1,NULL,Bardahl,61.43,NULL
133,Bardahl 2,NULL,Bardahl,61.43,NULL
134,Bardahl 2,NULL,Bardahl,121.58,NULL
135,Bardahl Bital,NULL,Bardahl,69.6,NULL
136,Bardahl Special Duty,NULL,Bardahl,109.65,NULL
137,BARDAHL Top Oil Limpieza Contínua,NULL,Bardahl,22.05,NULL
138,BARDAHL Top Oil Limpieza Profunda NANOX,NULL,Bardahl,48.15,NULL
139,BARDAHL Top Oil Aumenta la Potencia NANOX,NULL,Bardahl,45.98,NULL
140,BARDAHL Top Oil Total NANOX,NULL,Bardahl,126.3,NULL
141,BARDAHL Aditivo para Diesel,NULL,Bardahl,55.88,NULL
142,BARDAHL Top Oil Diesel,NULL,Bardahl,124.05,NULL
143,"BARDAHL Liquido para Frenos, DOT-3",NULL,Bardahl,34.58,NULL
144,"BARDAHL Liquido para Frenos, DOT-3",NULL,Bardahl,85.54,NULL
145,"BARDAHL Liquido para Frenos, DOT-4",NULL,Bardahl,53.7,NULL
146,"BARDAHL Liquido para Frenos, DOT-4",NULL,Bardahl,132.53,NULL
147,BARDAHL Anticongelante Concentrado,NULL,Bardahl,52.84,NULL
148,BARDAHL Anticongelante Concentrado,NULL,Bardahl,192.23,NULL
149,ANTICONGELANTE BARDAHL 50/50 ,NULL,Bardahl,43.5,NULL
150,ANTICONGELANTE BARDAHL 50/50 ,NULL,Bardahl,164.4,NULL
151,BARDAHL Anticongelante Coolant,NULL,Bardahl,35.66,NULL
152,BARDAHL Anticongelante Coolant,NULL,Bardahl,134.33,NULL
153,BARDAHL Anticongelante Coolant Inteligente Nanox,NULL,Bardahl,40.8,NULL
154,BARDAHL Anticongelante Coolant Inteligente Nanox,NULL,Bardahl,151.65,NULL
155,BARDAHL Anticongelante Climatizado,NULL,Bardahl,28.88,NULL
156,BARDAHL Anticongelante Climatizado,NULL,Bardahl,109.01,NULL
157,BARDAHL Dirección Hidráulica,NULL,Bardahl,33.41,NULL
158,BARDAHL Líquido para Batería,NULL,Bardahl,8.51,NULL
159,BARDAHL Arrancador,NULL,Bardahl,59.59,NULL
160,"BARDAHL Limpia parabrisas Anti-Lluvia, Anti-Insectos",NULL,Bardahl,35.78,NULL
161,BARDAHL ATF-3,NULL,Bardahl,82.58,NULL
162,"BARDAHL F-1 Sintético, Autos Nuevos 5W30 SN  ",NULL,Bardahl,140.14,NULL
163,"BARDAHL F-1 Sintético, Autos Nuevos 5W30 SN  ",NULL,Bardahl,666.6,NULL
164,BARDAHL para Ahorro de Gasolina 10W30 SN,NULL,Bardahl,90.45,NULL
165,BARDAHL para Ahorro de Gasolina 10W30 SN,NULL,Bardahl,430.24,NULL
166,"BARDAHL Fusión 16,000 KM, 15W40 SN ",NULL,Bardahl,96.23,NULL
167,"BARDAHL Fusión 16,000 KM, 15W40 SN ",NULL,Bardahl,446.7,NULL
168,"BARDAHL Fusión 16,000 KM, 20W50 SN ",NULL,Bardahl,96.23,NULL
169,"BARDAHL Fusión 16,000 KM, 20W50 SN ",NULL,Bardahl,446.7,NULL
170,"BARDAHL Fusión, 16,000 KM, 25W50 SN , más de 100 000 KM",NULL,Bardahl,96.23,NULL
171,"BARDAHL Fusión, 16,000 KM, 25W50 SN , más de 100 000 KM",NULL,Bardahl,446.7,NULL
172,"BARDAHL SUPER RACING OIL 15W 40 SL, 946 ML, DOYPACK",NULL,Bardahl,86.85,NULL
173,"BARDAHL SUPER RACING OIL, 15W40 SL",NULL,Bardahl,90.86,NULL
174,"BARDAHL SUPER RACING OIL 20W 50 SL, 946 ML,  DOYPACK",NULL,Bardahl,86.85,NULL
175,"BARDAHL SUPER RACING OIL, 20W50 SL",NULL,Bardahl,90.86,NULL
177,BARDAHL PARA MAS DE 100 000 KM 25W50 SL DOY PACK,NULL,Bardahl,86.85,NULL
178,BARDAHL más de 100 000 KM 25W50 SL,NULL,Bardahl,90.86,NULL
179,BARDAHL más de 100 000 KM 25W50 SL,NULL,Bardahl,432.3,NULL
180,BARDAHL BIOS SAE 40 API SL  946 ML BRICK POUCH,NULL,Bardahl,85.61,NULL
181,BARDAHL Heavy Duty 40 SL Doy Pack,NULL,Bardahl,85.61,NULL
182,"BARDAHL HEAVY DUTY, 40 SL, 946 ML",NULL,Bardahl,89.51,NULL
183,Bardahl Motos 2T   JASO  FB,NULL,Bardahl,29.14,NULL
184,Bardahl Motos 2 Tiempos Jaso FB,NULL,Bardahl,89.89,NULL
185,Bardahl Motos 4T Jaso MA2,NULL,Bardahl,88.69,NULL
186,Bardahl Scooters 4T Jaso MB,NULL,Bardahl,88.69,NULL
187,Bardahl Náutico 2T TC-W3,NULL,Bardahl,101.06,NULL
191,"MEXLUB MR, SAE 40 API SL",NULL,Bardahl,354.9,NULL
193,"MEXLUB MR, SAE 50 API SL",NULL,Bardahl,354.9,NULL
195,"MEXLUB Diesel, 40 CF/CF-2, Series 3",NULL,Bardahl,424.88,NULL
197,"MEXLUB Diesel, 50 CF/CF-2, Series 3",NULL,Bardahl,424.88,NULL
198,'BARDAHL TOP G - III,NULL,Bardahl,579,NULL
199,BARDAHL TOP G - III,NULL,Bardahl,33086.2,NULL
200,BARDAHL ANTICONGELANTE CONCENTRADO,NULL,Bardahl,826.95,NULL
201,BARDAHL ANTICONGELANTE CONCENTRADO,NULL,Bardahl,8354.85,NULL
202,BARDAHL ANTICONGELANTE COOLANT,NULL,Bardahl,582.5,NULL
203,BARDAHL ANTICONGELANTE COOLANT,NULL,Bardahl,5884.9,NULL
204,BARDAHL ANTICONGELANTE COOLANT INTELIGENTE,NULL,Bardahl,719.6,NULL
205,BARDAHL ANTICONGELANTE COOLANT INTELIGENTE,NULL,Bardahl,6349.35,NULL
206,BARDAHL ANTICONGELANTE CONCENTRADO HEAVY DUTY,NULL,Bardahl,1259.55,NULL
207,BARDAHL ANTICONGELANTE CONCENTRADO HEAVY DUTY,NULL,Bardahl,12735.8,NULL
208,BARDAHL ANTICONGELANTE COOLANT HEAVY DUTY,NULL,Bardahl,767.35,NULL
209,BARDAHL ANTICONGELANTE COOLANT HEAVY DUTY,NULL,Bardahl,7756.45,NULL
210,BARDAHL ANTICONGELANTE COOLANT HEAVY DUTY,NULL,Bardahl,37239.2,NULL
211,BARDAHL DIRECCIÓN HIDRÁULICA,NULL,Bardahl,86.7,NULL
212,BARDAHL ADITIVO PARA RADIADOR,NULL,Bardahl,29.33,NULL
213,BARDAHL PRESIÓN EXTREMA,NULL,Bardahl,36.3,NULL
214,BARDAHL ADITIVO PARA TRANSMISIÓN AUTOMÁTICA,NULL,Bardahl,56.25,NULL
215,BARDAHL WB-50 FUSIÓN,NULL,Bardahl,53.44,NULL
216,BARDAHL WB-50 FUSIÓN,NULL,Bardahl,69,NULL
217,BARDAHL DESINFECTANTE MULTIUSOS CONCENTRADO,NULL,Bardahl,229.09,NULL
218,BARDAHL DESINFECTANTE MULTIUSOS LISTO PARA USARSE,NULL,Bardahl,63,NULL
219,BARDAHL ABRILLANTA ,NULL,Bardahl,67.24,NULL
220,BARDAHL CERA LÍQUIDA ,NULL,Bardahl,32.51,NULL
221,BARDAHL QUITA MANCHAS ,NULL,Bardahl,45.11,NULL
222,BARDAHL QUITA MANCHAS ,NULL,Bardahl,771.1,NULL
223,BARDAHL QUITA MANCHAS ,NULL,Bardahl,7628.65,NULL
224,BARDAHL SOLUCIÓN TOTAL ,NULL,Bardahl,59.06,NULL
225,BARDAHL CLEAN AIR,NULL,Bardahl,389.06,NULL
226,BARDAHL CLEAN AIR,NULL,Bardahl,3459.81,NULL
227,BARDAHL CLEAN AIR,NULL,Bardahl,16276.8,NULL
228,BARDAHL ATF-3 ,NULL,Bardahl,1438.7,NULL
229,BARDAHL ATF-3 ,NULL,Bardahl,14672.8,NULL
230,BARDAHL ATF UNIVERSAL FULLY SYN,NULL,Bardahl,3783.4,NULL
252,"BARDAHL GEAR OIL, 80W90 GL-5 ",NULL,Bardahl,1509.65,NULL
253,"BARDAHL GEAR OIL, 80W90 GL-5 ",NULL,Bardahl,15866.7,NULL
254,"BARDAHL GEAR OIL, 85W140 GL-5 ",NULL,Bardahl,1509.65,NULL
255,"BARDAHL GEAR OIL, 85W140 GL-5 ",NULL,Bardahl,15866.7,NULL
256,"BARDAHL GEAR OIL FULLY SYN, 75W90 GL-5 ",NULL,Bardahl,5291.55,NULL
257,"BARDAHL GEAR OIL FULLY SYN, 80W140 GL-5",NULL,Bardahl,5291.55,NULL
258,"BARDAHL GEAR OIL, 90 GL-1 ",NULL,Bardahl,1383.55,NULL
259,"BARDAHL GEAR OIL, 90 GL-1 ",NULL,Bardahl,14542.1,NULL
260,"BARDAHL GEAR OIL, 140 GL-1 ",NULL,Bardahl,1383.55,NULL
261,"BARDAHL GEAR OIL, 140 GL-1 ",NULL,Bardahl,14542.1,NULL
262,"BARDAHL GEAR OIL, 250 GL-1 ",NULL,Bardahl,1383.55,NULL
263,"BARDAHL GEAR OIL, 250 GL-1 ",NULL,Bardahl,14542.1,NULL
264,"BARDAHL FORMULA-1 SINTÉTICO, 5W30 SN  ",NULL,Bardahl,23468.4,NULL
265,"BARDAHL FUSIÓN 16,000 KM, 20W50 SN ",NULL,Bardahl,1539.1,NULL
266,"BARDAHL FUSIÓN 16,000 KM, 20W50 SN ",NULL,Bardahl,15669.5,NULL
267,"BARDAHL SUPER RACING OIL, 15W40 SL ",NULL,Bardahl,1262.65,NULL
268,"BARDAHL SUPER RACING OIL, 15W40 SL ",NULL,Bardahl,13278.6,NULL
269,"BARDAHL SUPER RACING OIL, 20W50 SL",NULL,Bardahl,1262.65,NULL
270,"BARDAHL SUPER RACING OIL, 20W50 SL",NULL,Bardahl,13278.6,NULL
271,"BARDAHL PARA MÁS DE 100,000 KM, 25W50 SL",NULL,Bardahl,13278.6,NULL
272,BARDAHL NAUTICO SUPER BIA TC-W3,NULL,Bardahl,1657.95,NULL
273,BARDAHL NAUTICO SUPER BIA TC-W3,NULL,Bardahl,17672.1,NULL
274,BARDAHL EURO DIESEL OIL SYN 10W40,NULL,Bardahl,2100,NULL
275,"BARDAHL DIESEL OIL FULLY SYN, 15W40 CJ-4/SM",NULL,Bardahl,19758.7,NULL
278,"BARDAHL DIESEL OIL, 15W40 CK-4",NULL,Bardahl,1609.5,NULL
279,"BARDAHL SUPER DIESEL OIL,15W40 CJ-4/SM",NULL,Bardahl,1403.4,NULL
280,"BARDAHL SUPER DIESEL OIL,15W40 CJ-4/SM",NULL,Bardahl,14748.9,NULL
281,"BARDAHL FUSIÓN DIESEL, 15W40 CI-4 PLUS PREMIUM",NULL,Bardahl,1755.2,NULL
282,"BARDAHL FUSIÓN DIESEL, 15W40 CI-4 PLUS PREMIUM",NULL,Bardahl,16756.3,NULL
283,"BARDAHL FUSIÓN DIESEL, 15W40 CI-4 PLUS PREMIUM",NULL,Bardahl,77315.8,NULL
284,"BARDAHL SUPER DIESEL OIL, 15W40 CI-4 PLUS",NULL,Bardahl,1552.7,NULL
285,"BARDAHL SUPER DIESEL OIL, 15W40 CI-4 PLUS",NULL,Bardahl,16317.6,NULL
286,"BARDAHL SUPER DIESEL OIL MB-3, 15W40 CI-4/SL",NULL,Bardahl,1483.95,NULL
287,"BARDAHL SUPER DIESEL OIL MB-3, 15W40 CI-4/SL",NULL,Bardahl,15596,NULL
288,"BARDAHL DIESEL OIL, 15W40 CH-4/SJ",NULL,Bardahl,974,NULL
289,"BARDAHL DIESEL OIL, 20W50 CH-4/SJ",NULL,Bardahl,979.25,NULL
290,"BARDAHL DIESEL OIL, 20W50 CH-4/SJ",NULL,Bardahl,10291.1,NULL
291,"BARDAHL DIESEL OIL, 20W50 CH-4/SJ",NULL,Bardahl,47492.4,NULL
292,BARDAHL BENTONA ALTA TEMPERATURA NLGI 3,NULL,Bardahl,1323.2,NULL
293,BARDAHL CHASIS NLGI 2,NULL,Bardahl,1050.95,NULL
294,BARDAHL CHASIS NLGI 2,NULL,Bardahl,9971.25,NULL
295,BARDAHL FIBROSA NLGI 3,NULL,Bardahl,1212.5,NULL
296,BARDAHL MULTILITIO NLGI 2,NULL,Bardahl,1390.35,NULL
297,BARDAHL MULTILITIO NLGI 2,NULL,Bardahl,14722.3,NULL
298,BARDAHL TRACTOR OIL JD-MF,NULL,Bardahl,1440.1,NULL
299,BARDAHL TRANS CAT TO-4 SAE 30,NULL,Bardahl,1468.7,NULL
300,BARDAHL TRANS CAT TO-4 SAE 30,NULL,Bardahl,15433.8,NULL
301,BARDAHL TRANS CAT TO-4 SAE 50,NULL,Bardahl,1468.7,NULL
302,BARDAHL TRANS CAT TO-4 SAE 50,NULL,Bardahl,15433.8,NULL
303,"BARDAHL HYDRAULIC OIL, ISO VG 32",NULL,Bardahl,966.75,NULL
304,"BARDAHL HYDRAULIC OIL, ISO VG 32",NULL,Bardahl,10157.9,NULL
305,"BARDAHL HYDRAULIC OIL, ISO VG 46",NULL,Bardahl,966.75,NULL
306,"BARDAHL HYDRAULIC OIL, ISO VG 46",NULL,Bardahl,10157.9,NULL
307,"BARDAHL HYDRAULIC OIL, ISO VG 68",NULL,Bardahl,1086.8,NULL
308,"BARDAHL HYDRAULIC OIL, ISO VG 68",NULL,Bardahl,9205.6,NULL
309,BARDAHL MAXLUB MR EP ISO VG 100,NULL,Bardahl,1325.45,NULL
310,BARDAHL MAXLUB MR EP ISO VG 150,NULL,Bardahl,1302.3,NULL
311,BARDAHL MAXLUB MR EP ISO VG 150,NULL,Bardahl,13681.9,NULL
312,BARDAHL MAXLUB MR EP ISO VG 220,NULL,Bardahl,1302.3,NULL
313,BARDAHL MAXLUB MR EP ISO VG 220,NULL,Bardahl,13681.9,NULL
314,BARDAHL MAXILUB MR COMPRESORES ISO VG 68,NULL,Bardahl,1393.7,NULL
315,BARDAHL MAXILUB MR COMPRESORES ISO VG 68,NULL,Bardahl,14646.7,NULL
316,BARDAHL SLIDE OIL EP ISO VG 68,NULL,Bardahl,1388.1,NULL
317,BARDAHL HEAT TRANSFER ISO VG 68,NULL,Bardahl,12413.8,NULL
318,BARDAHL LUBARSA LITIO EP NLGI 2,NULL,Bardahl,1557.1,NULL
319,BARDAHL LUBARSA LITIO EP NLGI 2,NULL,Bardahl,14317.2,NULL
320,BARDAHL LUBARSA LITIO MOLLY EP NLGI 2,NULL,Bardahl,2225.6,NULL
321,BARDAHL LUBARSA LITIO MOLLY EP NLGI 2,NULL,Bardahl,21169.3,NULL
322,MEXLUB MR ATF-3,NULL,Bardahl,1363.25,NULL
323,MEXLUB MR ATF-3,NULL,Bardahl,14317.8,NULL
324,MEXLUB MR ATF DEXRON II,NULL,Bardahl,1425.55,NULL
325,"MEXLUB MR ENGRANES UNIVERSALES, 80W90 GL-5",NULL,Bardahl,1527.5,NULL
326,"MEXLUB MR ENGRANES UNIVERSALES, 85W140 GL-5",NULL,Bardahl,1527.5,NULL
327,"MEXLUB MR TRANSMISION, SAE 90 GL-1",NULL,Bardahl,1417.95,NULL
328,"MEXLUB MR TRANSMISION, SAE 140 GL-1",NULL,Bardahl,1417.95,NULL
329,"MEXLUB MR TRANSMISION, SAE 140 GL-1",NULL,Bardahl,14892,NULL
330,"MEXLUB MR TRANSMISION, SAE 250 GL-1",NULL,Bardahl,1428,NULL
331,"MEXLUB MR TITANIUM, 15W40 SL",NULL,Bardahl,1154.4,NULL
332,"MEXLUB MR TITANIUM, 20W50 SL",NULL,Bardahl,1154.4,NULL
333,"MEXLUB MR TITANIUM, 20W50 SL",NULL,Bardahl,12163.3,NULL
334,"MEXLUB MR TITANIUM, SAE 40 SL",NULL,Bardahl,1097.95,NULL
335,"MEXLUB MR TITANIUM, SAE 40 SL",NULL,Bardahl,11587.7,NULL
336,"MEXLUB MR TITANIUM, SAE 50 SL",NULL,Bardahl,1097.95,NULL
337,MEXLUB MR DIESEL CI-4 SAE 15W40,NULL,Bardahl,410.4,NULL
338,"MEXLUB MR DIESEL, 15W40 CI-4",NULL,Bardahl,1467.1,NULL
339,"MEXLUB MR DIESEL, 15W40 CI-4",NULL,Bardahl,12777.8,NULL
340,MEXLUB MR DIESEL CH-4 SAE 15W40,NULL,Bardahl,1396.85,NULL
341,MEXLUB MR DIESEL CH-4 SAE 20W50,NULL,Bardahl,389.06,NULL
342,"MEXLUB MR DIESEL, 20W50 CH-4",NULL,Bardahl,1396.85,NULL
343,"MEXLUB PARA MOTORES DIESEL CON GRAN KILOMETRAJE, 25W50 CF",NULL,Bardahl,1370.25,NULL
344,"MEXLUB PARA MOTORES DIESEL CON GRAN KILOMETRAJE, 25W50 CF",NULL,Bardahl,12226.2,NULL
345,"MEXLUB DIESEL SERIES 3, SAE 40 CF/CF-2",NULL,Bardahl,1222.15,NULL
346,"MEXLUB DIESEL SERIES 3, SAE 40 CF/CF-2",NULL,Bardahl,10780.1,NULL
347,"MEXLUB DIESEL SERIES 3, SAE 50 CF/CF-2",NULL,Bardahl,1222.15,NULL
348,"MEXLUB DIESEL SERIES 3, SAE 50 CF/CF-2",NULL,Bardahl,10780.1,NULL
349,MEXLUB MR GRASA BENTONA NLGI 3,NULL,Bardahl,1071.45,NULL
350,MEXLUB MR FLUIDO PARA TRACTOR AGRÍCOLA BB,NULL,Bardahl,1226.65,NULL
351,MEXLUB MR FLUIDO PARA TRACTOR AGRÍCOLA BB,NULL,Bardahl,12885.5,NULL
352,"MEXLUB MR HIDRÁULICO, DTH 150 (ISO VG 32)",NULL,Bardahl,961.1,NULL
353,"MEXLUB MR HIDRÁULICO, DTH 220 (ISO VG 46)",NULL,Bardahl,961.1,NULL
354,"MEXLUB MR HIDRÁULICO, DTH 220 (ISO VG 46)",NULL,Bardahl,10092.3,NULL
355,"MEXLUB MR HIDRÁULICO, DTH 300 (ISO VG 68)",NULL,Bardahl,734.13,NULL
356,"MEXLUB MR HIDRÁULICO, DTH 300 (ISO VG 68)",NULL,Bardahl,9974.05,NULL
357,"MEXLUB MR HIDRÁULICO, DTH 300 (ISO VG 68)",NULL,Bardahl,45613.4,NULL
358,"MEXLUB MR HIDRÁULICO, DTH 450 (ISO VG 100)",NULL,Bardahl,1022.8,NULL
359,"MEXLUB MR HIDRÁULICO, DTH 450 (ISO VG 100)",NULL,Bardahl,10636.7,NULL
360,MEXLUB MR GRASA LITIO EP NLGI 2,NULL,Bardahl,1461.1,NULL
361,MEXLUB MR GRASA MULTILITIO MOLLY EP NLGI 2,NULL,Bardahl,1935.95,NULL
373,"BARDAHL ATF MULTIVEHICULOS SINTÉTICO, MERCON V",NULL,Bardahl,148.05,NULL
375,BARDAHL ATF-3 ,NULL,Bardahl,357.98,NULL
376,"BARDAHL ATF-II PARA MAS DE 100,000 KM",NULL,Bardahl,86.81,NULL
377,"BARDAHL GEAR OIL, 80W90 GL-5 ",NULL,Bardahl,86.55,NULL
378,"BARDAHL GEAR OIL, 85W140 GL-5 ",NULL,Bardahl,86.55,NULL
379,"BARDAHL GEAR OIL, 90 GL-1 ",NULL,Bardahl,79.13,NULL
380,"BARDAHL GEAR OIL, 140 GL-1 ",NULL,Bardahl,79.13,NULL
381,"BARDAHL GEAR OIL, 250 GL-1 ",NULL,Bardahl,79.13,NULL
382,"BARDAHL FUSIÓN 16,000 KM, 15W40 SN",NULL,Bardahl,15669.5,NULL
387,"BARDAHL SUPER RACING OIL, 20W50 SL",NULL,Bardahl,432.3,NULL
388,"BARDAHL BIOS PARA MÁS DE 100,000 KM, 25W50 SL BRICK POUCH",NULL,Bardahl,86.85,NULL
399,"BARDAHL DIESEL OIL, 15W40 CK-4",NULL,Bardahl,16906.6,NULL
400,BARDAHL JUNTAS HOMOCINÉTICAS NLGI 2,NULL,Bardahl,69.56,NULL
401,BARDAHL BENTONA ALTA TEMPERATURA NLGI 3,NULL,Bardahl,34.73,NULL
402,BARDAHL BENTONA ALTA TEMPERATURA NLGI 3,NULL,Bardahl,60,NULL
403,BARDAHL BENTONA ALTA TEMPERATURA NLGI 3,NULL,Bardahl,374.93,NULL
404,BARDAHL CHASIS NLGI 2,NULL,Bardahl,52.72,NULL
405,BARDAHL CHASIS NLGI 2,NULL,Bardahl,297.6,NULL
406,BARDAHL FIBROSA NLGI 3,NULL,Bardahl,49.24,NULL
407,"BARDAHL HYDRAULIC OIL, ISO VG 68",NULL,Bardahl,41541.3,NULL
408,"BARDAHL HYDRAULIC OIL, ISO VG 100",NULL,Bardahl,10758.2,NULL
409,"MEXLUB MR, ATF DEXRON II ",NULL,Bardahl,79.54,NULL
410,"MEXLUB MR, SL 15W40",NULL,Bardahl,79.58,NULL
411,"MEXLUB MR, SL 15W40",NULL,Bardahl,372.45,NULL
412,"MEXLUB MR, SL 20W50",NULL,Bardahl,79.58,NULL
413,"MEXLUB MR, SL 20W50",NULL,Bardahl,372.45,NULL
414,"MEXLUB TITANIUM MR, SL SAE 40",NULL,Bardahl,83.81,NULL
416,"MEXLUB TITANIUM MR, SL SAE 50",NULL,Bardahl,83.81,NULL
418,MEXLUB PARA MOTORES A DIESEL CON GRAN KILOMETRAJE 25W50 CF,NULL,Bardahl,386.25,NULL
419,"MEXLUB DIESEL, 40 CF/CF-2, SERIES 3",NULL,Bardahl,84.45,NULL
421,"MEXLUB DIESEL, 50 CF/CF-2, SERIES 3",NULL,Bardahl,84.45,NULL
423,BARDAHL TRANSFORMER OIL 35 KV BDI TIPO II,NULL,Bardahl,9283.85,NULL
424,BARDAHL TRANSFORMER OIL 35 KV BD NI TIPO II,NULL,Bardahl,9283.85,NULL
426,DICTAMEN NOM-005-ASEA-2016 OPERACIÓN Y MANTENIMIENTO,NULL,Orkalf,5000,NULL
427,DICTAMEN NOM-016-CRE-2016 ES,NULL,Orkalf,3000,NULL
429,Lavado de tanque (No incluye viáticos) y máximo recolección 2 tambos,NULL,JLR,18150,NULL
430,Recolección de tambo de residuos de lavado (No incluye viáticos),NULL,JLR,1650,NULL
431,Cubicación a tanque de almacenamiento,NULL,IPROMER,7700,NULL
432,Recalibración y configuración de consola,NULL,IPROMER,2500,NULL
434,Dictamen NOM-016-CRE-2016 para la Dictaminación de Análisis de Petroliferos,NULL,siacorp,3000,NULL
435,"Calcomanía  \"" HOMBRES \""  (25.00 x 25.00 cm.)",NULL,RNB,20.15,NULL
436,Seguros para breaktime PRECIO EN DÓLARES,NULL,RNB,1.5,NULL
437,"Calcomanía  \"" MUJERES \""  (25.00 x 25.00 cm.)",NULL,RNB,20.15,NULL
438,"Anuncio en trovisel \""EXTINGUIDOR\""  de 25 X 25 cms.",NULL,RNB,83.9,NULL
439,"Pistola de 1/4"" para agua PRECIO EN DÓLARES",NULL,RNB,18.75,NULL
440,Inflador (690) doble de 1/4 X 6¨´ para camión PRECIO EN DÓLARES,NULL,RNB,9.05,NULL
441,"Inflador (695) corto con espiga de 1/4"" para automóvil PRECIO EN DÓLARES",NULL,RNB,4.75,NULL
442,Inflador (699) corto con rosca para automóvil PRECIO EN DÓLARES,NULL,RNB,3.17,NULL
443,"Registro contenedor con válvula de drenado, capacidad para 5 galones PRECIO EN DÓLARES",NULL,RNB,731.65,NULL
444,Subensamble para Shut-off (PRECIO EN DÓLARES),NULL,RNB,34.3,NULL
445,Capacitor para motobomba red Jacket de 1.5 hp (PRECIO EN DÓLARES),NULL,RNB,49.65,NULL
446,"Pistola de 1/2\"" roja 11-BP91093 AUTOMATICA PRECIO EN DÓLARES",NULL,RNB,108.85,NULL
447,"Pistola de 1/2\"" verde 11-BP-91093 AUTOMATICA PRECIO EN DÓLARES",NULL,RNB,108.85,NULL
448,"Breaktime reusable AB-34 de 3/4\"" para gasolina sin manguera PRECIO EN DÓLARES",NULL,RNB,47.6,NULL
449,"Controlador inteligente STP_SCI FE PETRO para motobomba de 3/4, 1.5 y 2  H.P (PRECIO EN DÓLARES)",NULL,RNB,608.75,NULL
450,Juego de cables para motobomba (PRECIO EN DÓLARES),NULL,RNB,118,NULL
451,"Calcomanía  ""APAGUE SU TELEFONO CELULAR"" de 25 X 25 cms.",NULL,RNB,0,NULL
452,"Calcomanías para protección \"" U \"" 8X37 CM",NULL,RNB,24.8,NULL
453,"Manguera para aire y agua de 1/4\"" X 8.0 Mts. 200(PSI) (PRECIO EN DÓLARES)",NULL,RNB,29,NULL
454,O ring WM033193-0002 para Filtro Sedazo (1) para Medidores I-meter 2 (PRECIO EN DÓLARES),NULL,RNB,3.05,NULL
455,TENSOR WMO29945 DE CUERDA PARA HELIX 6000 (PRECIO EN DÓLARES),NULL,RNB,62.75,NULL
456,VALVULA SELENOIDE PARA DISPENSARIO HELIX 6000 (PRECIO EN DOLARES),NULL,RNB,304.5,NULL
457,Lexan teclado para preset de Dispensario Helix modelos 4000 y 5000 HDR (PRECIO EN DOLARES),NULL,RNB,5.75,NULL
458,WIP Wayne inteligent pulser dispensarios hdr (PRECIO EN DOLARES),NULL,RNB,97.5,NULL
459,TECLADO MATRIZ PARA DISPENSARIO HELIX PRESET WU007271-0001 (PRECIO EN DÓLARES),NULL,RNB,59.3,NULL
460,O\'ring WM038591-0001 para Base Superior (1) de Medidores I-meter 2 (PRECIO EN DOLARES),NULL,RNB,33.05,NULL
461,O\'ring WM038597-0001 para Base Inferior (2) de Medidores I-meter 2 (PRECIO EN DOLARES),NULL,RNB,17.65,NULL
462,O\'ring WM038598-0001 para Adaptador de Filtro (1) y Base Inferior (1) de Medidores I-meter 2 (PRECIO EN DOLARES),NULL,RNB,5,NULL
463,Pistola para helix 6000 color rojo (PRECIO EN DÓLARES),NULL,RNB,369.7,NULL
464,Pistola para helix 6000 color verde (PRECIO EN DÓLARES),NULL,RNB,369.7,NULL
465,"Kit de repuesto para breaktime 3/4\"" PRECIO EN DÓLARES",NULL,RNB,8.8,NULL
466,"PISTOLA NEGRA N40B 1\"" AUTOMATICA FULLMASTER DIESEL (PRECIO EN DOLARES)",NULL,RNB,124.65,NULL
467,Gasoila teflón liquido Lata 8 Oz. (PRECIO EN DÓLARES),NULL,RNB,21.85,NULL
468,"Empaque para codo de descarga 4\""X5 1/4 (PRECIO EN DÓLARES)",NULL,RNB,11.6,NULL
469,"Calcomanía \""AGUA\"" (20.00 x 10.00 cm.)",NULL,RNB,13.75,NULL
470,"Calcomanía \""AIRE\""(20.00 x 10.00 cm.)",NULL,RNB,13.75,NULL
471,"Cople de 4\"" para manguera de descarga (PRECIO EN DÓLARES)",NULL,RNB,32.1,NULL
472,"Valvula de seguridad 10BHMP-5830 de 1 ½ \"" doble popeta (PRECIO EN DOLARES)",NULL,RNB,235.5,NULL
473,Empaque para manguera de descarga (PRECIO EN DÓLARES),NULL,RNB,4.35,NULL
474,"Anuncio en trovisel  \""PARO DE EMERGENCIA\"" de 25 X 25 cms.",NULL,RNB,83.9,NULL
475,"Calcomanía \""NO FUMAR\"" (25.00 x 25.00 cm.) (PRECIO EN DÓLARES)",NULL,RNB,20.15,NULL
476,WIP Wayne inteligent pulser dispensarios Polymer (PRECIO EN DÓLARES),NULL,RNB,115.05,NULL
477,"INFLADOR SCH-250 PARA AIRE DE 1/4\"" CON ROSCA HEMBRA (PRECIO EN DÓLARES)",NULL,RNB,16.5,NULL
478,Pistola verde 1/2  para recuperador de vapores (PRECIO EN DÓLARES),NULL,RNB,794.2,NULL
479,"Manguera  3/4\"" x 13.64 ( 4.16MTS) para dispensarios Helix 6000 (PRECIO EN DÓLARES)",NULL,RNB,132.5,NULL
480,"Manguera VERDE en espiral de 1/4\"" x  25´para imagen 2 pemex (PRECIO EN DÓLARES)",NULL,RNB,32.6,NULL
481,Válvula  selenoide proporcional  para Dispensario Helix 4000 y 5000 (Flujo Normal) … PRECIO EN DOLARES,NULL,RNB,236.05,NULL
482,Calcomanía en vinil reflejante 3M “PROHIBIDO EL USO DE CELULAR” nuevo diseño medidas: 18.00 x 25.00 (PRECIO EN DOLARES),NULL,RNB,188.55,NULL
483,Calcamonia en vinil reflejante PELIGRO DESCARGANDO COMBUSTIBLE ( 60 x 80 CMS. ),NULL,RNB,577.4,NULL
484,"Calcamonia \""Area Fuera de Servicio\"" para biombo",NULL,RNB,577.4,NULL
485,"Calcomanía en vinil \""APAGUE EL MOTOR\"" nuevo diseño medidas: 25.00 x 25.00 cm.",NULL,RNB,20.15,NULL
486,Fundas negras para pistola de diésel 7HB PRECIO EN DÓLARES,NULL,RNB,17.95,NULL
487,Tarjeta supresora de picos para consola tls-350 Veeder Root (PRECIO EN DÓLARES),NULL,RNB,357.8,NULL
488,Mag VFC Caja de Velocidad Variable para motobomba de 2 y 4 H.P (PRECIO EN DÓLARES),NULL,RNB,1541,NULL
489,"Destorcedor de 3/4\"" x 3/4\"" para dispensario de gasolina PRECIO EN DÓLARES",NULL,RNB,42.2,NULL
490,"Destorcedor de 1\"" x 1\"" para dispensario de diésel PRECIO EN DÓLARES",NULL,RNB,96.75,NULL
491,"Calcomanía \""BASURA\"" (25.00 x 25.00 cm.)",NULL,RNB,20.15,NULL
492,Unidad de bombeo de 1.5 hp FE PETRO PRECIO EN DOLARES,NULL,RNB,1276.2,NULL
494,Pasta (WF25) para medir agua. Lata de 2.5 Oz (70g) (PRECIO EN DÓLARES),NULL,RNB,7.15,NULL
495,Pila para CPU de Veeder Root (PRECIO EN DÓLARES),NULL,RNB,42.95,NULL
496,Bote hexagonal (737103) 30HXCZGR para basura en colOR gris con capacidad para 30 galones de 73.70 cm (PRECIO EN DOLARES),NULL,RNB,152,NULL
497,"Manguera azul en espiral de 1/4\"" para dispensarios electrónicos (aire-agua) CONECCIONES GIRATORIAS (PRECIO EN DÓLARES)",NULL,RNB,69,NULL
498,Teclado para preset de Dispensario modelo Helix 4000 y 5000 Lexan WM047521-0001 PRECIO EN DOLARES ,NULL,RNB,6.35,NULL
499,TARJETA GRIB PARA CONSOLA FUSION (PRECIO EN DÓLARES),NULL,RNB,346.05,NULL
500,"Manguera para descarga de autotanque de 4\"" 6 metros (PRECIO EN DÓLARES)",NULL,RNB,64.7,NULL
501,"Pistola Negra modelo 11BP-94093 automática de ½\"" para gasolina con sensor de Presión (PRECIO EN DOLARES)",NULL,RNB,108.85,NULL
502,Válvula  selenoide WP000372-0001 para Dispensario Helix 4000 (Unicamente Diesel Alto Flujo) PRECIO EN DOLARES,NULL,RNB,1049.5,NULL
503,Cono naranja fluorescente de 71 cms. (PRECIO EN DÓLARES),NULL,RNB,18.3,NULL
504,Sensor WM045692-0001 interruptor de pistola (microswitch) para Dispensario modelo Helix 4000 y 5000 PRECIO EN DÓLARES,NULL,RNB,55.1,NULL
505,Barrera WU005093-0001 de seguridad Intrínsica de 3 canales para Dispensario modelo Helix 4000 y 5000 PRECIO EN DOLARES,NULL,RNB,230.4,NULL
506,Teclado WU007271-0001 matríz (preset) para Dispensario modelo Helix 4000 y 5000 (PRECIO EN DOLARES),NULL,RNB,119.35,NULL
507,"Empaque E-1016 de 4\"" para adaptador de bronce (PRECIO EN DOLARES)",NULL,RNB,13.1,NULL
508," Arrestador 677 de flama de 2\"" PRECIP EN DÓLARES",NULL,RNB,439.7,NULL
509,O\'ring 001-921130 de 5 mm x 4.2 cm para conectores doble golpe (PRECIO EN DOLARES),NULL,RNB,2.95,NULL
510,Pasta (GG25) para medir combustible. Lata de 2.5 Oz (70g) (PRECIO EN DÓLARES),NULL,RNB,7.15,NULL
511,"Breaktime reusable AB 1 de 1\"" para dispensario de diésel PRECIO EN DÓLARES",NULL,RNB,94.35,NULL
512,"Tapa de cierre hermético para registro de llenado de 4\"" PRECIO EN DOLARES",NULL,RNB,49.5,NULL
513,"Cople de 6\"" a 4\"" para descarga de autotanque (trompa de cochino) (PRECIO EN DÓLARES)",NULL,RNB,89.1,NULL
514,"Visor de combustible para manguera de despacho de gasolina de 3/4\"" X 3/4\"" (PRECIO EN DÓLARES)",NULL,RNB,45.65,NULL
515,"Tapa 305XP-2300 AC de cierre hermetico de 2\"" con puerto para espacio anular PRECIO EN DÓLARES",NULL,RNB,51.4,NULL
516,"Adaptador 305-0000 AA  de Bronce de 2\"" para espacio anular PRECIO EN DÓLARES",NULL,RNB,43.5,NULL
517,Unidad de bombeo de 2 hp FE PETRO (PRECIO EN DÓLARES),NULL,RNB,1362.4,NULL
518,"Tapa de cierre hermético de 3\"" NARANJA PRECIO EN DÓLARES",NULL,RNB,47.2,NULL
519,"Filtro (800-30) de 30 micras para dispensario HS3 con entrada de 1.5\"" PRECIO EN DÓLARES",NULL,RNB,33.95,NULL
520,Codo de descarga hermética  en aluminio con mirilla (PRECIO EN DÓLARES),NULL,RNB,449.8,NULL
521,Valvula de presión/vacío 623V-2203 de 2” precalibrada de 2.5 a 6 C. de A. (PRECIO EN DOLARES),NULL,RNB,203.45,NULL
522,"Euro inflador de 1/4\"" (abierto) para dispensarios electrónicos (aire) (PRECIO EN DÓLARES)",NULL,RNB,6,NULL
523,"CONECTOR FLEXIBLE DE 2\"" X 30 CON SWIVEL (PRECIO EN DOLARES)",NULL,RNB,283.95,NULL
524,Media Funda verde para pistola de gasolina (PRECIO EN DÓLARES),NULL,RNB,12.5,NULL
525,"PISTOLA NEGRA DE 1\"" PARA DIESEL 7HB PRECIO EN DÓLARES",NULL,RNB,199.45,NULL
526,"Kit de repuesto para breaktime 1\"" (PRECIO EN DÓLARES)",NULL,RNB,10.2,NULL
527,Unidad de bombeo de 4 hp FE PETRO (PRECIO EN DÓLARES),NULL,RNB,1676,NULL
528,Pico para pistola de gasolina PRECIO EN DÓLARES,NULL,RNB,21.75,NULL
529,TOPE INMOBILIZADOR (CALZA TIPO PIRAMIDE) (PRECIO EN DOLARES),NULL,RNB,42.85,NULL
530,BOTE GRIS EXAGONAL 45 GALONES CON SERVICENTRO (PRECIO EN DOLARES),NULL,RNB,332.65,NULL
531,SENSOR DE LIQUIDOS ESPACIO ANULAR SL-600 (PRECIO EN DÓLARES),NULL,RNB,127.5,NULL
532,"Manguera Continental/FUTURA negra de 1\"" x 18\""(5.49 mts) de largo con conexiones cromadas para diesel PRECIO EN DÓLARES",NULL,RNB,124.65,NULL
533,"Manguera corta de 1\"" X 9\"" para dispensario de diesel CONEXIONES CROMADAS PRECIO EN DÓLARES",NULL,RNB,53.65,NULL
534,"Manguera corta de 3/4\"" X9\"" CONEXIONES CROMADAS para dispensario de gasolina PRECIO EN DÓLARES",NULL,RNB,32.95,NULL
535,MANGUERA NEGRA DE 3/4 X13 CONEXIONES CROMADAS PRECIO EN DÓLARES,NULL,RNB,73.45,NULL
536,Oreja para coples diversos (manivelas para coples de descarga) PRECIO EN DÓLARES,NULL,RNB,9.4,NULL
537,"Calcamonia  RUTA DE EVACUACION\"" EN VINIL izquierda de 30 X 45 cms.",NULL,RNB,53.1,NULL
538,"Calcamonia  RUTA DE EVACUACION\"" EN VINIL derecha de 30 X 45 cms.",NULL,RNB,53.1,NULL
539,Filtro cedazo tipo sombrero PRECIO EN DÓLARES,NULL,RNB,12.64,NULL
540,Bata verde imagen tradicional Pemex,NULL,UNIFORMES_BRISCO,396.86,NULL
541,Camisola verde imagen tradicional Pemex,NULL,UNIFORMES_BRISCO,396.86,NULL
542,Pantalón verde imagen tradicional Pemex,NULL,UNIFORMES_BRISCO,343.2,NULL
543,Chamarra cazadora imagen tradicional Pemex,NULL,UNIFORMES_BRISCO,950.98,NULL
544,Gorra verde imagen tradicional Pemex,NULL,UNIFORMES_BRISCO,168.48,NULL
545,"Camisola gris para despachador \""NIP\""",NULL,UNIFORMES_BRISCO,396.86,NULL
546,"Pantalón tipo cargo negro. \""NIP\""",NULL,UNIFORMES_BRISCO,489.22,NULL
547,Overol negro c/cintas reflejantes,NULL,UNIFORMES_BRISCO,706.37,NULL
548,"Chamarra \""NIP\""",NULL,UNIFORMES_BRISCO,778.75,NULL
549,"Sudadera negra. \""NIP\""",NULL,UNIFORMES_BRISCO,642.72,NULL
550,Gorra nueva imagen Pemex,NULL,UNIFORMES_BRISCO,168.48,NULL
551,Camisola blanca supervisor ,NULL,UNIFORMES_BRISCO,396.86,NULL
552,Pantalón gris supervisor ,NULL,UNIFORMES_BRISCO,343.2,NULL
553,Chamarra blanca supervisor,NULL,UNIFORMES_BRISCO,778.75,NULL
554,"Playera verde, tipo Polo, manga corta.",NULL,UNIFORMES_BRISCO,396.86,NULL
555,"Playera verde, tipo Polo, manga larga.",NULL,UNIFORMES_BRISCO,406.85,NULL
556,"Playera blanca, tipo Polo, manga corta.",NULL,UNIFORMES_BRISCO,396.86,NULL
557,"Playera Polo Blanca, Manga Larga. Incluye Bordados (4)",NULL,UNIFORMES_BRISCO,406.85,NULL
558,Overol verde imagen tradicional Pemex,NULL,UNIFORMES_BRISCO,693.89,NULL
559,"Calzado dieléctrico, CA-MEX SAFETY 1200 CLASICO MARVEL",NULL,UNIFORMES_INDUSTRIALES,615,NULL
561,RECARGA Y MANTENIMIENTO EXTINTOR POLVO QUÍMICO ABC  2.5 KG,NULL,Extintores CM,259,NULL
562,RECARGA Y MANTENIMIENTO EXTINTOR POLVO QUÍMICO ABC  4.5 KG,NULL,Extintores CM,279,NULL
563,RECARGA Y MANTENIMIENTO EXTINTOR POLVO QUÍMICO ABC  6 KG,NULL,Extintores CM,299,NULL
564,RECARGA Y MANTENIMIENTO EXTINTOR POLVO QUÍMICO ABC  9 KG,NULL,Extintores CM,330,NULL
565,RECARGA Y MANTENIMIENTO EXTINTOR POLVO QUÍMICO ABC  12 KG,NULL,Extintores CM,420,NULL
566,RECARGA Y MANTENIMIENTO EXTINTOR POLVO QUÍMICO ABC  35 KG,NULL,Extintores CM,2390,NULL
567,RECARGA Y MANTENIMIENTO EXTINTOR POLVO QUÍMICO ABC  50 KG,NULL,Extintores CM,3090,NULL
568,RECARGA Y MANTENIMIENTO EXTINTOR POLVO QUÍMICO ABC  70 KG,NULL,Extintores CM,3750,NULL
569,EXTINTOR NUEVO POLVO QUÍMICO ABC  2.5 KG,NULL,Extintores CM,609,NULL
570,EXTINTOR NUEVO POLVO QUÍMICO ABCC  4.5 KG,NULL,Extintores CM,839,NULL
571,EXTINTOR NUEVO POLVO QUÍMICO ABC  6 KG,NULL,Extintores CM,979,NULL
572,EXTINTOR NUEVO POLVO QUÍMICO ABC  9 KG,NULL,Extintores CM,1099,NULL
573,EXTINTOR NUEVO POLVO QUÍMICO ABC  12 KG,NULL,Extintores CM,1610,NULL
574,EXTINTOR NUEVO POLVO QUÍMICO ABC  35 KG,NULL,Extintores CM,6699,NULL
575,EXTINTOR NUEVO POLVO QUÍMICO ABC  50 KG,NULL,Extintores CM,8289,NULL
576,EXTINTOR NUEVO POLVO QUÍMICO ABC  70 KG,NULL,Extintores CM,13499,NULL
577,RECARGA Y MANTENIMIENTO EXTINTOR BIÓXIDO DE CARBONO CO2  2.5 KG,NULL,Extintores CM,199,NULL
578,RECARGA Y MANTENIMIENTO EXTINTOR BIÓXIDO DE CARBONO CO2  4.5 KG,NULL,Extintores CM,389,NULL
579,RECARGA Y MANTENIMIENTO EXTINTOR BIÓXIDO DE CARBONO CO2  6.8 KG,NULL,Extintores CM,469,NULL
580,RECARGA Y MANTENIMIENTO EXTINTOR BIÓXIDO DE CARBONO CO2  9 KG,NULL,Extintores CM,589,NULL
581,EXTINTOR NUEVO BIÓXIDO DE CARBONO CO2  2.5 KG,NULL,Extintores CM,2839,NULL
582,EXTINTOR NUEVO BIÓXIDO DE CARBONO CO2  4.5 KG,NULL,Extintores CM,3729,NULL
583,EXTINTOR NUEVO BIÓXIDO DE CARBONO CO2 6.8 KG,NULL,Extintores CM,7119,NULL
584,EXTINTOR NUEVO BIÓXIDO DE CARBONO CO2  9 KG,NULL,Extintores CM,8069,NULL
585,JUEGO DE JUNTAS Y EMPAQUES DE NITRILO,NULL,Extintores CM,40,NULL
586,DISCO DE SEGURIDAD RETENEDOR DE PRESIÓN PARA CO2,NULL,Extintores CM,95,NULL
587,MANÓMETRO INDICADOR DE PRESIÓN,NULL,Extintores CM,95,NULL
588,VÁLVULA DE ALUMINO 1'' CON TUBO PARA EXTINTOR DE 4.5 A 70 KG,NULL,Extintores CM,215,NULL
589,VÁSTAGO RETENEDOR DE PRESION,NULL,Extintores CM,77,NULL
590,"TUBO SIFÓN 1"""" PARA EXTINTOR",NULL,Extintores CM,40,NULL
591,MANGUERA 3/8'' LARGA PARA EXTINTOR PQS DE 4.5 A 12 KG,NULL,Extintores CM,80,NULL
592,"MANGUERA 3/8"" PARA EXTINTOR CO2 ALUMINIO",NULL,Extintores CM,690,NULL
593,SOPORTE DE PARED PARA EXTINTORES DE PQS Y CO2 DE 4 A 12 KG,NULL,Extintores CM,35,NULL
594,"PORTAEXTINTOR CILíNDRICO DE ACERO INOXIDABLE, ACABADO EN ESPEJO, PARA EXTINTOR DE 4.5 A 9.0 KG",NULL,Extintores CM,910,NULL
595,FUNDA CON VENTANA PARA PQS DE 4 KG A 9 KG,NULL,Extintores CM,310,NULL
596,"FUNDA PARA UNIDAD MÓVIL DE 35 KG, 50KG Y 70 KG",NULL,Extintores CM,535,NULL
597,GABINETE EN COLOR ROJO EXTINTORES DE 4.5 KG A 9.0 KG,NULL,Extintores CM,1350,NULL
598,TAMBO ARENERO CONTRA INCENDIO (SIN ARENA),NULL,Extintores CM,1450,NULL
603,prueba,NULL,RNB,15.6,NULL
604,SERVICIO A 1 RECIPIENTE SUJETOS A PRESIÓN USADO NOM-020-STPS-2011 INCLUYE VÁLVULA DE SEGURIDAD Y CURSO A 2 PERSONAS,NULL,Arsadi,8190,NULL
605,ESTUDIO TIERRAS FÍSICAS NOM-022-STPS-2015 ,NULL,Arsadi,4725,NULL
606,ESTUDIO ILUMINACIÓN NOM-025-STPS-2008,NULL,Arsadi,4725,NULL
607,ANALISIS DE RIESGO ,NULL,siacorp,10500,NULL
608,CÉDULA DE OPERACIÓN ANUAL,NULL,siacorp,3570,NULL
609,PROTOCOLO DE RESPUESTA A EMERGENCIAS (PRE),NULL,siacorp,10500,NULL
610,DICTAMEN NOM-005-ASEA-2016,NULL,siacorp,6090,NULL
611,AUDITORÍA EXTERNA SASISOPA,NULL,siacorp,9450,NULL
612,SISTEMA DE GESTIÓN DE MEDICIONES,NULL,siacorp,15225,NULL
613,ESTUDIO DE VULNERABILIDAD DE SEGURIDAD PRIMERA VEZ,NULL,GDS,13000,NULL
614,ESTUDIO DE VULNERABILIDAD DE SEGURIDAD SUBSECUENTE,NULL,GDS,6500,NULL
615,FORTINET F60 (INCLUYE SOPORTE ANUAL) PRECIO EN DÓLARES,NULL,ASIAMI,1140,NULL
616,PRUEBAS DE HERMETICIDAD ANUALES POR TANQUE (no incluye viáticos),NULL,ZESA,1320,NULL
617,Calibración de Sondas Nivel y Temperatura ,NULL,IPROMER,4500,NULL
618,DICTAMEN ANEXO 30 Y 31 AÑO 2025,NULL,VERIFIGAS,40000,NULL
619,DICTAMEN ANEXO 30 Y 31 AÑO 2024 (SUBSECUENTE),NULL,VERIFIGAS,28000,NULL
620,BATA VERDE,NULL,CONFECCIONES_HERRERA,396.86,NULL
621,CAMISA VERDE,NULL,CONFECCIONES_HERRERA,396.86,NULL
622,PANTALON VERDE ,NULL,CONFECCIONES_HERRERA,343.2,NULL
623,CAZADORA TRADICIONAL DESPACHADOR ,NULL,CONFECCIONES_HERRERA,950.98,NULL
624,OVEROL VERDE,NULL,CONFECCIONES_HERRERA,693.89,NULL
625,GORRA VERDE,NULL,CONFECCIONES_HERRERA,168.48,NULL
626,CAMISOLA 100%  GRIS MANGA LARGA/CORTA INCLUYE BORDADOS (5),NULL,CONFECCIONES_HERRERA,396.86,NULL
627,"PANTALON CARGO 100%, NEGRO, INCLUYE BORDADO (1) CON REFLEJANTES",NULL,CONFECCIONES_HERRERA,489.22,NULL
628,"OVEROL 100%, NEGRO, CINTAS REFLEJANTES. INCLUYE BORDADOS (5)",NULL,CONFECCIONES_HERRERA,706.37,NULL
629,"CHAMARRA NEGRA 100%, INCLUYE BORDADOS (5)",NULL,CONFECCIONES_HERRERA,778.75,NULL
630,"SUDADERA 100%, NEGRA, INCLUYE BORDADOS (5)",NULL,CONFECCIONES_HERRERA,642.72,NULL
631,"GORRA NEGRA, INCLUYE BORDADOS (3)",NULL,CONFECCIONES_HERRERA,168.48,NULL
632,CAMISOLA BLANCA 100% MANGA LARGA /CORTA. INCLUYE BORDADOS (4),NULL,CONFECCIONES_HERRERA,396.86,NULL
633,PANTALON GRIS 100%. INCLUYE BORDADOS (1),NULL,CONFECCIONES_HERRERA,343.2,NULL
634,"CHAMARRA BLANCA 100%, INCLUYE BORDADOS (4)",NULL,CONFECCIONES_HERRERA,778.75,NULL
635,"PLAYERA POLO VERDE MANGA CORTA, INCLUYE BORDADOS (5)",NULL,CONFECCIONES_HERRERA,396.86,NULL
636,"PLAYERA POLO VERDE MANGA LARGA, INCLUYE BORDADOS (5)",NULL,CONFECCIONES_HERRERA,406.85,NULL
637,"PLAYERA POLO BLANCA MANGA CORTA, INCLUYE BORDADOS (4)",NULL,CONFECCIONES_HERRERA,396.86,NULL
638,DICTAMEN ANEXO 30 Y 31 AÑO 2024 ,NULL,VERIFIGAS,32000,NULL
639,"BARDAHL FORMULA 1 SINTETICO, 5W20 ",NULL,Bardahl,140.14,NULL
640,"BARDAHL FORMULA 1 SINTETICO, 5W40 ",NULL,Bardahl,140.14,NULL
641,PRUEBAS DE HERMETICIDAD INICIALES POR TANQUE (No incluye viáticos),NULL,ZESA,2750,NULL
642,ANTIVIRUS SENTINEL 1 LICENCIA (PRECIO EN DOLARES),NULL,ASIAMI,39.38,NULL
643,Lavado de Tanque sin recolección de residuos peligrosos (No incluye Viáticos),NULL,JLR,14,NULL
644,CAJA DE PAPEL BOND T/C COPY LASER 70GRS,NULL,DIPATH,707,NULL
645,CAJA DE PAPEL BOND T/C INACOPIA 70GRS,NULL,DIPATH,707,NULL
646,"NODO DE PUERTA 5, PARA DISPENSARIOS ENCORE GILBARCO PRECIO EN DÓLARES",NULL,PETROGAS,1235,NULL
647,"Adaptador Cola de Raton Vx680		",NULL,ANA STEFANY,383,NULL
648,"Tapa impresor vx680		",NULL,ANA STEFANY,846,NULL
649,"Fuente de poder vx680		",NULL,ANA STEFANY,502.8,NULL
650,"Bateria externa vx680		",NULL,ANA STEFANY,538.8,NULL
651,"Fuente de poder vx520		",NULL,ANA STEFANY,502.8,NULL
652,"Base Vx680		",NULL,ANA STEFANY,2760,NULL
653,"Bateria externa i9000s (urovo)		",NULL,ANA STEFANY,936,NULL
654,"Bateria externa V200		",NULL,ANA STEFANY,492,NULL
655,"Base i900s (urovo)		",NULL,ANA STEFANY,1800,NULL
656,Diagnostico en Sitio (No incluye reparaciones),NULL,ANA STEFANY,288,NULL
657,Servicio Básico en sitio (No incluye reparaciones),NULL,ANA STEFANY,346.8,NULL
658,Servicio Intermedio en sitio (No incluye reparaciones),NULL,ANA STEFANY,718.8,NULL
659,Servicio Avanzado en sitio (No incluye reparaciones),NULL,ANA STEFANY,1078.8,NULL
660,NODO DE CONTROL DE BOMBA ENCORE S PRECIO EN DÓLARES,NULL,PETROGAS,2340,NULL
661,VALVULA SHUT OFF 2 OPW POPET DOBLE OPW PRECIO EN DÓLARES,NULL,PETROGAS,373.5,NULL
662,VERIFICACION  ELECTRICA NOM-001-SEDE-2012,NULL,Arsadi,18000,NULL
663,"VALVULA DE SEGURIDAD 1/4\"" CALIBRADA",NULL,Arsadi,1600,NULL
664,Medición de espesores en  tanque de almacenamiento subterráneo,NULL,IPROMER,15950,NULL
665,Pintura Amarillo Tráfico Cub 19 Lts.,NULL,DIMESA,2617,NULL
666,Akron Resistance API SL SAE 25W-50,NULL,AKRON,91.03,NULL
667,Akron Resistance API SL SAE 25W-50,NULL,AKRON,434.48,NULL
668,Akron Spitzen API SP SAE 5W-30,NULL,AKRON,185.34,NULL
669,Akron Spitzen API SP SAE 5W-40,NULL,AKRON,185.34,NULL
670,Akron Premium PRO API SP SAE 5W-30,NULL,AKRON,128.45,NULL
671,Akron Premium PRO API SP SAE 10W-30,NULL,AKRON,128.45,NULL
672,Akron Premium PRO API SP SAE 15W-40,NULL,AKRON,128.45,NULL
673,Akron Premium API SP SAE 10W-30,NULL,AKRON,86.21,NULL
674,Akron Premium API SP SAE 10W-30,NULL,AKRON,395.69,NULL
675,Akron Premium API SP SAE 15W-40,NULL,AKRON,86.21,NULL
676,Akron Premium API SP SAE 15W-40,NULL,AKRON,395.69,NULL
677,Akron Premium API SP SAE 20W-50,NULL,AKRON,86.21,NULL
678,Akron Premium API SP SAE 20W-50,NULL,AKRON,395.69,NULL
679,Akron HD Intense API SL SAE 40,NULL,AKRON,92.42,NULL
680,Akron HD Intense API SL SAE 40,NULL,AKRON,433.79,NULL
681,Akron HD Intense API SL SAE 50,NULL,AKRON,92.42,NULL
682,Akron HD Intense API SL SAE 50,NULL,AKRON,433.79,NULL
683,Akron HD Intense API SJ SAE 60,NULL,AKRON,92.42,NULL
684,Extra Fleet SERIE III CH-4 SAE 15W-40,NULL,AKRON,88.97,NULL
685,Akron ATF III DEXRON/MERCON,NULL,AKRON,95.86,NULL
686,Akron ATF III DEXRON/MERCON,NULL,AKRON,457.24,NULL
687,Akron CVT,NULL,AKRON,196.55,NULL
688,Super Gear API GL1 SAE 90,NULL,AKRON,84.14,NULL
689,Super Gear API GL1 SAE 140,NULL,AKRON,84.14,NULL
690,Akron Marine TC-W3,NULL,AKRON,101.38,NULL
691,Akron Marine 4stroke SAE 15W-40,NULL,AKRON,108.27,NULL
692,Akron Marine 4stroke SAE 20W-50,NULL,AKRON,108.27,NULL
693,Akron ATF Universal TC-W3,NULL,AKRON,143.45,NULL
694,Akron ATF Universal TC-W3,NULL,AKRON,679.31,NULL
695,Akron Motorcycle 2T JASO FB,NULL,AKRON,34.48,NULL
696,Akron Motorcycle 2T JASO FB,NULL,AKRON,100,NULL
697,Akron Motocicletas 4T SAE 20W 50,NULL,AKRON,94.83,NULL
698,Aditivo para Gasolina,NULL,AKRON,34.48,NULL
699,Desengrasante,NULL,AKRON,560.62,NULL
700,Limpiador de Inyectores ,NULL,AKRON,43.45,NULL
701,Greenroad Gasolina,NULL,AKRON,54.48,NULL
702,"Mejorador de Octanaje	",NULL,AKRON,68.27,NULL
703,"Super Tratamiento para Gasolina	",NULL,AKRON,151.03,NULL
704,Aditivo para Diesel ,NULL,AKRON,130.34,NULL
705,Greenroad Diesel ,NULL,AKRON,191.03,NULL
706,Greenroad Diesel ,NULL,AKRON,54.48,NULL
707,Desinfectante,NULL,AKRON,97.41,NULL
708,Fluído para Dirección Hidráulica ,NULL,AKRON,33.1,NULL
709,Líquido para Frenos DOT 3 ,NULL,AKRON,34.48,NULL
710,Líquido para Frenos DOT 3 ,NULL,AKRON,106.9,NULL
711,Líquido para Frenos DOT 4 ,NULL,AKRON,42.07,NULL
712,Agua para Batería,NULL,AKRON,15.86,NULL
713,Líquido Limpiaparabrisas,NULL,AKRON,33.79,NULL
714,Anticongelante Listo para Usarse (33%),NULL,AKRON,44.14,NULL
715,Anticongelante Listo para Usarse (33%),NULL,AKRON,152.42,NULL
716,Anticongelante Concentrado Especial (66%),NULL,AKRON,272.42,NULL
717,Anticongelante Concentrado (95%),NULL,AKRON,341.38,NULL
718,Anticongelante Rosa (50%),NULL,AKRON,66.9,NULL
719,Anticongelante Rosa (50%),NULL,AKRON,240.69,NULL
720,Lubrichain,NULL,AKRON,101.72,NULL
721,Arrancador para motor,NULL,AKRON,73.28,NULL
722,"Aflojatodo HW	",NULL,AKRON,68.1,NULL
723,"Limp. Carburador	",NULL,AKRON,53.45,NULL
724,Estudio de Pérdida  Máxima Probable por Tercero Autorizado Versión On line,NULL,SICA,33000,NULL
725,Cubierta Hexagonal varios colores,NULL,SEM,715,NULL
726,Bote de Basura Verde NIP Nivel 2,NULL,SEM,1525,NULL
727,Justificación técnica de los Límites de Responsabilidad RA y RC,NULL,SICA,17500,NULL
728,CONFORMACIÓN Y REGISTRO DE SASISOPA ON LINE,NULL,siacorp,22550,NULL
729,"BHL FUSIÓN SEMI-SYN,15W40 SP, 946 ML",NULL,Bardahl,96.23,NULL
730,"BHL FUSIÓN SEMI-SYN, 20W50 SP, 946 ML",NULL,Bardahl,96.23,NULL
731,"BHL FUS SEMI-SYN G. KM, 25W50 SP, 946 ML",NULL,Bardahl,96.23,NULL
732,DISPENSARIO DE AIRE Y AGUA MANUAL,NULL,SEM,5775,NULL
733,DISPENSARIO DE AIRE Y AGUA ELECTRÓNICO,NULL,SEM,13860,NULL
734,TIRE LED VERDE 50 MTS,NULL,SEM,2625,NULL
735,TIRA LED BLANCA 50 MTS,NULL,SEM,2625,NULL
736,CABINA DE FACTURACIÓN,NULL,SEM,6825,NULL
737,EXHIBIDOR DE ACEITES (PRECIO MAS ENVIO),NULL,SEM,6825,NULL
738,SL/CF SAE 40,NULL,AKRON,86.21,NULL
739,SL/CF SAE 40,NULL,AKRON,399.31,NULL
740,SL/CF SAE 50,NULL,AKRON,86.21,NULL
741,SL/CF SAE 50,NULL,AKRON,399.31,NULL
742,SL SAE 15W-40,NULL,AKRON,93.1,NULL
743,SL SAE 15W-40,NULL,AKRON,433.79,NULL
744,SL SAE 20W-50,NULL,AKRON,93.1,NULL
745,SL SAE 20W-50,NULL,AKRON,433.79,NULL
746,CH-4 Super 40 SAE 15W-40,NULL,AKRON,88.97,NULL
747,CH-4 Super 40 SAE 15W-40,NULL,AKRON,417.24,NULL
748,DEXRON II,NULL,AKRON,85.52,NULL
749,HIDRÁULICO MH-300 (ISO 68),NULL,AKRON,344.83,NULL
750,DOS TIEMPOS (DUAL),NULL,AKRON,91.03,NULL
752,Justificación técnica de los Límites de Responsabilidad RA y RC,NULL,NAES,9310.35,NULL
753,ANALISIS DE RIESGO ,NULL,NAES,6206.9,NULL
754,Protocolo de Respuesta a Emergencias (PRE),NULL,NAES,6206.9,NULL
755,Cédula de Operación Anual (Incluye su presentación al portal de SERMANAT),NULL,NAES,4800,NULL
756,ELABORACIÓN DE SASISOPA (Incluye curso de capacitación para su implementación),NULL,NAES,18620.7,NULL
757,"DICTÁMEN SASISOPA (Incluye su ingreso en ASEA, seguimiento hasta su autorización)",NULL,NAES,18620.7,NULL
758,ELABORACIÓN DEL SISTEMA DE GESTIÓN DE MEDICIÓN SGM (CARPETA RAÍZ),NULL,NAES,6000,NULL
759,ELABORACIÓN DEL SISTEMA DE GESTIÓN DE MEDICIÓN SGM (IMPLEMENTADO A UN AÑO),NULL,NAES,7241.38,NULL
760,"INSPECCIÓN COMPLETA A LA ESTACIÓN (Incluye verificación y comprobación de las condiciones de operación, seguridad y documental; así como la entrega de reporte fotográfico y de hallazgos)",NULL,NAES,18620.7,NULL
761,CURSO DE CAPACITACIÓN EN LÍNEA ASEA/STPS/CRE (Incluye constancias DC-3 y diploma),NULL,NAES,1800,NULL
762,DESCARGA DE BITACORAS WAYNE POR DISPENSARIO (NO INCLUYE VIÁTICOS),NULL,HAMSE PLUS,1200,NULL
763,DESCARGA DE BITACORAS GILBARCO POR DISPENSARIO (NO INCLUYE VIÁTICOS),NULL,HAMSE PLUS,1200,NULL
764,PROGRAMA INTERNO DE PROTECCION CIVIL,NULL,COSCIPE,18000,NULL
765,PROGRAMA INTERNO DE PROTECCIÓN CIVIL,NULL,Asesoria Gestion,17500,NULL
766,PRUEBA DE LABORATORIO DIESEL ,NULL,CIEFSA,2640,NULL
767,PRUEBA DE LABORATARIO GASOLINA REGULAR MAGNA ,NULL,CIEFSA,2640,NULL
768,PRUEBA DE LABORATORIO  PREMIUM ,NULL,CIEFSA,2640,NULL
769,MEDIDOR GILBARCO E-300-500 (PRECIO EN DÓLARES),NULL,PETROGAS,936.48,NULL
770,Válvula ultra alto flujo ( PRECIO EN DÓLARES) ,NULL,PETROGAS,1645.78,NULL
771,Nodo control de bomba encore 500 (PRECIO EN DÓLARES?,NULL,PETROGAS,2223.53,NULL
772,Calibración De Dispensario (Por Manguera),NULL,METROLOGIA,285.6,NULL
773,Limpieza Ecológica ,NULL,METROLOGIA,3849.6,NULL
774,LIMPIEZA ECOLÓGICA,NULL,SETERR,4860,NULL
775,PRUEBA DE LABORATORIO,NULL,METROLOGIA,2661.6,NULL